{"train_map": 83.52420806884766, "train_loss": 61.97406768798828, "val_map": 99.30598449707031, "val_loss": 62.929325103759766, "_timestamp": 1718884758.4351346, "_runtime": 1631.5171747207642, "_step": 44, "_wandb": {"runtime": 1645}}