{"train_map": 40.63838577270508, "train_loss": 62.550201416015625, "val_map": 15.368317604064941, "val_loss": 14.845433235168457, "_timestamp": 1718926852.7032053, "_runtime": 28589.757108449936, "_step": 189}