{"train_map": 9.958087921142578, "train_loss": 107.18692779541016, "val_map": 14.821409225463867, "val_loss": 14.26556396484375, "_timestamp": 1718889695.072507, "_runtime": 166.25643801689148, "_step": 0, "_wandb": {"runtime": 228}}