{"train_map": 42.543190002441406, "train_loss": 82.18226623535156, "val_map": 14.920425415039062, "val_loss": 15.136922836303711, "_timestamp": 1718897865.2945487, "_runtime": 8029.60209774971, "_step": 49, "_wandb": {"runtime": 8040}}