{"train_map": 31.000343322753906, "train_loss": 106.04728698730469, "val_map": 21.183862686157227, "val_loss": 13.111234664916992, "_timestamp": 1718885478.791483, "_runtime": 573.0048780441284, "_step": 2, "_wandb": {"runtime": 608}}